{"x":[-2.06968525,-2.09367475,-2.070803375,-2.12276175,-2.06941816666667,-2.09256566666667,-2.07242291666667,-2.09916154166667,-2.10510345833333,-2.08430675,-2.118656375,-2.14964,-2.067017,-2.091115375,-2.098000625,-2.07126483333333,-2.10177333333333,-2.09499366666667,-2.070829625,-2.104875875,-2.14964,-2.10554833333333,-2.10603608333333,-2.149715,-2.07243691666667,-2.10558270833333,-2.11611508333333,-2.14771220833333,-2.10558270833333,-2.098561125,-2.077496375],"y":[57.14273875,57.147898625,57.141776,57.1762435833333,57.14161,57.1477373333333,57.143254,57.147638,57.132294,57.145446,57.175581375,57.175581375,57.132432,57.175581375,57.175581375,57.1425771666667,57.1636886666667,57.1478550416667,57.1434555,57.131788,57.17539025,57.131788,57.1324886666667,57.1760778333333,57.1439595,57.1317737916667,57.176483375,57.176483375,57.16690275,57.176483375,57.176483375],"pop":[31484.8451393594,12089.4473365301,20550.4525689311,11482.2293790166,18931.7225849758,9617.43546879532,11715.0319646023,7686.10992048578,5144.94847354632,2848.69864390148,12083.7073635491,4811.89268873047,4462.10170323786,3938.32667212483,3646.16600129342,11116.1456331442,7886.41867018282,7642.87087303772,24852.5571093416,8371.26382287929,27761.6847167349,22692.6254893103,20264.8884199015,11464.3545749801,3710.80588095314,15076.5601035886,5250.19768075775,4894.23692634858,2975.28068930856,2235.95324128709,2200.25277775902],"text":["castles","castles","waterfall","waterfall","unique","unique","outdoor","outdoor","outdoor","outdoor","wildlife","wildlife","wildlife","wildlife","wildlife","historic","historic","historic","family","family","peaceful","peaceful","beautiful","beautiful","beautiful","nature","nature","nature","nature","nature","nature"]}
