{"x":[-2.10558270833333,-2.11611508333333,-2.14771220833333,-2.10558270833333,-2.098561125,-2.077496375],"y":[57.1317737916667,57.176483375,57.176483375,57.16690275,57.176483375,57.176483375],"pop":[15076.5601035886,5250.19768075775,4894.23692634858,2975.28068930856,2235.95324128709,2200.25277775902],"text":["nature","nature","nature","nature","nature","nature"]}
